{"BAMToggleActive":true,"BAMVariantTiles":true,"BAMInstantDrop":true,"BAMRequireMana":false,"BAMSyncTiles":false,"BAMTileLimit":200.0,"BAMChainRange":4.0,"BAMActiveCooldown":20.0,"BAMWhitelist":[{"Mod":"Terraria","Name":"CopperOre","DisplayName":"Copper Ore","IsUnloaded":false},{"Mod":"Terraria","Name":"TinOre","DisplayName":"Tin Ore","IsUnloaded":false},{"Mod":"Terraria","Name":"IronOre","DisplayName":"Iron Ore","IsUnloaded":false},{"Mod":"Terraria","Name":"LeadOre","DisplayName":"Lead Ore","IsUnloaded":false},{"Mod":"Terraria","Name":"SilverOre","DisplayName":"Silver Ore","IsUnloaded":false},{"Mod":"Terraria","Name":"TungstenOre","DisplayName":"Tungsten Ore","IsUnloaded":false},{"Mod":"Terraria","Name":"GoldOre","DisplayName":"Gold Ore","IsUnloaded":false},{"Mod":"Terraria","Name":"PlatinumOre","DisplayName":"Platinum Ore","IsUnloaded":false},{"Mod":"Terraria","Name":"DemoniteOre","DisplayName":"Demonite Ore","IsUnloaded":false},{"Mod":"Terraria","Name":"CrimtaneOre","DisplayName":"Crimtane Ore","IsUnloaded":false},{"Mod":"Terraria","Name":"Meteorite","DisplayName":"Meteorite","IsUnloaded":false},{"Mod":"Terraria","Name":"Hellstone","DisplayName":"Hellstone","IsUnloaded":false},{"Mod":"Terraria","Name":"PalladiumOre","DisplayName":"Palladium Ore","IsUnloaded":false},{"Mod":"Terraria","Name":"CobaltOre","DisplayName":"Cobalt Ore","IsUnloaded":false},{"Mod":"Terraria","Name":"MythrilOre","DisplayName":"Mythril Ore","IsUnloaded":false},{"Mod":"Terraria","Name":"OrichalcumOre","DisplayName":"Orichalcum Ore","IsUnloaded":false},{"Mod":"Terraria","Name":"TitaniumOre","DisplayName":"Titanium Ore","IsUnloaded":false},{"Mod":"Terraria","Name":"AdamantiteOre","DisplayName":"Adamantite Ore","IsUnloaded":false},{"Mod":"Terraria","Name":"ChlorophyteOre","DisplayName":"Chlorophyte Ore","IsUnloaded":false},{"Mod":"Terraria","Name":"LunarOre","DisplayName":"Luminite","IsUnloaded":false},{"Mod":"Terraria","Name":"DesertFossil","DisplayName":"Desert Fossil","IsUnloaded":false},{"Mod":"Terraria","Name":"SiltBlock","DisplayName":"Silt Block","IsUnloaded":false},{"Mod":"Terraria","Name":"SlushBlock","DisplayName":"Slush Block","IsUnloaded":false},{"Mod":"Terraria","Name":"AmethystStoneBlock","DisplayName":"Amethyst Stone Block","IsUnloaded":false},{"Mod":"Terraria","Name":"TopazStoneBlock","DisplayName":"Topaz Stone Block","IsUnloaded":false},{"Mod":"Terraria","Name":"SapphireStoneBlock","DisplayName":"Sapphire Stone Block","IsUnloaded":false},{"Mod":"Terraria","Name":"EmeraldStoneBlock","DisplayName":"Emerald Stone Block","IsUnloaded":false},{"Mod":"Terraria","Name":"RubyStoneBlock","DisplayName":"Ruby Stone Block","IsUnloaded":false},{"Mod":"Terraria","Name":"AmberStoneBlock","DisplayName":"Amber Stone Block","IsUnloaded":false},{"Mod":"Terraria","Name":"DiamondStoneBlock","DisplayName":"Diamond Stone Block","IsUnloaded":false},{"Mod":"Terraria","Name":"Amethyst","DisplayName":"Amethyst","IsUnloaded":false},{"Mod":"Terraria","Name":"Topaz","DisplayName":"Topaz","IsUnloaded":false},{"Mod":"Terraria","Name":"Sapphire","DisplayName":"Sapphire","IsUnloaded":false},{"Mod":"Terraria","Name":"Emerald","DisplayName":"Emerald","IsUnloaded":false},{"Mod":"Terraria","Name":"Ruby","DisplayName":"Ruby","IsUnloaded":false},{"Mod":"Terraria","Name":"Amber","DisplayName":"Amber","IsUnloaded":false},{"Mod":"Terraria","Name":"Diamond","DisplayName":"Diamond","IsUnloaded":false},{"Mod":"CalamityMod","Name":"AerialiteOre","DisplayName":"Unloaded Item","IsUnloaded":true},{"Mod":"CalamityMod","Name":"AerialiteOreDisenchanted","DisplayName":"Unloaded Item","IsUnloaded":true},{"Mod":"CalamityMod","Name":"AstralOre","DisplayName":"Unloaded Item","IsUnloaded":true},{"Mod":"CalamityMod","Name":"AuricOre","DisplayName":"Unloaded Item","IsUnloaded":true},{"Mod":"CalamityMod","Name":"CryonicOre","DisplayName":"Unloaded Item","IsUnloaded":true},{"Mod":"CalamityMod","Name":"ExodiumCluster","DisplayName":"Unloaded Item","IsUnloaded":true},{"Mod":"CalamityMod","Name":"HallowedOre","DisplayName":"Unloaded Item","IsUnloaded":true},{"Mod":"CalamityMod","Name":"PerennialOre","DisplayName":"Unloaded Item","IsUnloaded":true},{"Mod":"CalamityMod","Name":"ScoriaOre","DisplayName":"Unloaded Item","IsUnloaded":true},{"Mod":"CalamityMod","Name":"UelibloomOre","DisplayName":"Unloaded Item","IsUnloaded":true},{"Mod":"CalamityMod","Name":"PrismShard","DisplayName":"Unloaded Item","IsUnloaded":true},{"Mod":"CalamityMod","Name":"SeaPrism","DisplayName":"Unloaded Item","IsUnloaded":true},{"Mod":"CalamityMod","Name":"SeaPrismBrick","DisplayName":"Unloaded Item","IsUnloaded":true},{"Mod":"ThoriumMod","Name":"IllumiteChunk","DisplayName":"Illumite Chunk","IsUnloaded":false},{"Mod":"ThoriumMod","Name":"LodeStoneChunk","DisplayName":"Lodestone Chunk","IsUnloaded":false},{"Mod":"ThoriumMod","Name":"MossyGoldOre","DisplayName":"Mossy Gold Ore","IsUnloaded":false},{"Mod":"ThoriumMod","Name":"MossyPlatinumOre","DisplayName":"Mossy Platinum Ore","IsUnloaded":false},{"Mod":"ThoriumMod","Name":"ThoriumOre","DisplayName":"Thorium Ore","IsUnloaded":false},{"Mod":"ThoriumMod","Name":"ValadiumChunk","DisplayName":"Valadium Chunk","IsUnloaded":false}],"BAMDebugMode":false,"BAMServerAuth":true}